LR;SV_RAW;SV;DIST;SERIES
0;50;50;2;at noozle
0,0144;19453;19403;2;at noozle
0,0144;19360;19310;2;at noozle
0,0144;21787;21737;2;at noozle
0,0144;11239;11189;2;at noozle
0,0144;6206;6156;2;at noozle
0,0144;6685;6635;2;at noozle
0,0144;8915;8865;2;at noozle
0,0144;7655;7605;2;at noozle
0,0144;7424;7374;2;at noozle
0,0144;9693;9643;2;at noozle
0,0144;28482;28432;2;at noozle
0,0144;25228;25178;2;at noozle
0,0144;16238;16188;2;at noozle
0,0144;12740;12690;2;at noozle
0,0144;12598;12548;2;at noozle
0,0144;13628;13578;2;at noozle
0,0144;12546;12496;2;at noozle
0,0144;14431;14381;2;at noozle
0,0144;14250;14200;2;at noozle
0,0144;14166;14116;2;at noozle
0,0144;12796;12746;2;at noozle
0,0144;14176;14126;2;at noozle
0,0144;14724;14674;2;at noozle
0,0144;17946;17896;2;at noozle
0,0144;16681;16631;2;at noozle
0,0144;18347;18297;2;at noozle
0,0144;19034;18984;2;at noozle
0,0144;20734;20684;2;at noozle
0,0144;30489;30439;2;at noozle
0,0144;27804;27754;2;at noozle
0,0144;29371;29321;2;at noozle
0,0144;31610;31560;2;at noozle
0,0144;28285;28235;2;at noozle
0,0144;26824;26774;2;at noozle
0,0144;28478;28428;2;at noozle
0,0144;29102;29052;2;at noozle
0,0144;27469;27419;2;at noozle
0,0144;17281;17231;2;at noozle
0,0144;10062;10012;2;at noozle
0,0144;8351;8301;2;at noozle
0,0144;8632;8582;2;at noozle
0,0144;10396;10346;2;at noozle
0,0144;12256;12206;2;at noozle
0,0144;14109;14059;2;at noozle
0,0144;17551;17501;2;at noozle
0,0144;28033;27983;2;at noozle
0,0144;31062;31012;2;at noozle
0,0144;28706;28656;2;at noozle
0,0144;28776;28726;2;at noozle
0,0144;31526;31476;2;at noozle
0,0144;24227;24177;2;at noozle
0,0144;21184;21134;2;at noozle
0,0144;23545;23495;2;at noozle
0,0144;26948;26898;2;at noozle
0,0144;23788;23738;2;at noozle
0,0144;40422;40372;2;at noozle
0,0144;23464;23414;2;at noozle
0,0144;23167;23117;2;at noozle
0,0144;18495;18445;2;at noozle
0,0144;13201;13151;2;at noozle
0,0144;11565;11515;2;at noozle
0,0144;10932;10882;2;at noozle
0,0144;11031;10981;2;at noozle
0,0144;10220;10170;2;at noozle
0,0144;13189;13139;2;at noozle
0,0144;24645;24595;2;at noozle
0,0144;34874;34824;2;at noozle
0,0144;22499;22449;2;at noozle
0,0144;25009;24959;2;at noozle
0,0144;32186;32136;2;at noozle
0,0144;24865;24815;2;at noozle
0,0144;31668;31618;2;at noozle
0,0144;31001;30951;2;at noozle
0,0144;37208;37158;2;at noozle
0,0144;30774;30724;2;at noozle
0,0144;27688;27638;2;at noozle
0,0144;26733;26683;2;at noozle
0,0144;25128;25078;2;at noozle
0,0144;25201;25151;2;at noozle
0,0144;28498;28448;2;at noozle
0,0144;25069;25019;2;at noozle
0,0144;29404;29354;2;at noozle
0,0144;39656;39606;2;at noozle
0,0144;26600;26550;2;at noozle
0,0144;28686;28636;2;at noozle
0,0144;27629;27579;2;at noozle
0,0144;22890;22840;2;at noozle
0,0144;16070;16020;2;at noozle
0,0144;15425;15375;2;at noozle
0,0144;15438;15388;2;at noozle
0,0144;16696;16646;2;at noozle
0,0144;15361;15311;2;at noozle
0,0144;15804;15754;2;at noozle
0,0144;14648;14598;2;at noozle
0,0144;13982;13932;2;at noozle
0,0144;17937;17887;2;at noozle
0,0144;16877;16827;2;at noozle
0,0144;17218;17168;2;at noozle
0,0144;17548;17498;2;at noozle
0,0144;20477;20427;2;at noozle
0,0348;13151;13101;2;at noozle
0,0348;14666;14616;2;at noozle
0,0348;17033;16983;2;at noozle
0,0348;18472;18422;2;at noozle
0,0348;16969;16919;2;at noozle
0,0348;15509;15459;2;at noozle
0,0348;17878;17828;2;at noozle
0,0348;17491;17441;2;at noozle
0,0348;21409;21359;2;at noozle
0,0348;21797;21747;2;at noozle
0,0348;13626;13576;2;at noozle
0,0348;13728;13678;2;at noozle
0,0348;16527;16477;2;at noozle
0,0348;12118;12068;2;at noozle
0,0348;12007;11957;2;at noozle
0,0348;12285;12235;2;at noozle
0,0348;11667;11617;2;at noozle
0,0348;11311;11261;2;at noozle
0,0348;14116;14066;2;at noozle
0,0348;13155;13105;2;at noozle
0,0348;12758;12708;2;at noozle
0,0348;11932;11882;2;at noozle
0,0348;12019;11969;2;at noozle
0,0348;12916;12866;2;at noozle
0,0348;13783;13733;2;at noozle
0,0348;11363;11313;2;at noozle
0,0348;12975;12925;2;at noozle
0,0348;14691;14641;2;at noozle
0,0348;17837;17787;2;at noozle
0,0348;16787;16737;2;at noozle
0,0348;17508;17458;2;at noozle
0,0348;14634;14584;2;at noozle
0,0348;13123;13073;2;at noozle
0,0348;11428;11378;2;at noozle
0,0348;12202;12152;2;at noozle
0,0348;16348;16298;2;at noozle
0,0348;13955;13905;2;at noozle
0,0348;14667;14617;2;at noozle
0,0348;16609;16559;2;at noozle
0,0348;18917;18867;2;at noozle
0,0348;16843;16793;2;at noozle
0,0348;15783;15733;2;at noozle
0,0348;16094;16044;2;at noozle
0,0348;17682;17632;2;at noozle
0,0348;17060;17010;2;at noozle
0,0348;21852;21802;2;at noozle
0,0348;19477;19427;2;at noozle
0,0348;20021;19971;2;at noozle
0,0348;18724;18674;2;at noozle
0,0348;16616;16566;2;at noozle
0,0348;16114;16064;2;at noozle
0,0348;18320;18270;2;at noozle
0,0348;17865;17815;2;at noozle
0,0348;16979;16929;2;at noozle
0,0348;17317;17267;2;at noozle
0,0348;18364;18314;2;at noozle
0,0348;15940;15890;2;at noozle
0,0348;12895;12845;2;at noozle
0,0348;9183;9133;2;at noozle
0,0348;10253;10203;2;at noozle
0,0348;11401;11351;2;at noozle
0,0348;12108;12058;2;at noozle
0,0348;15012;14962;2;at noozle
0,0348;17363;17313;2;at noozle
0,0348;15703;15653;2;at noozle
0,0348;12391;12341;2;at noozle
0,0348;12649;12599;2;at noozle
0,0348;12727;12677;2;at noozle
0,0348;13584;13534;2;at noozle
0,0348;15216;15166;2;at noozle
0,0348;12369;12319;2;at noozle
0,0348;13424;13374;2;at noozle
0,0348;12752;12702;2;at noozle
0,0348;13003;12953;2;at noozle
0,0348;13088;13038;2;at noozle
0,0348;12617;12567;2;at noozle
0,0348;12971;12921;2;at noozle
0,0348;17468;17418;2;at noozle
0,0348;16015;15965;2;at noozle
0,0348;14770;14720;2;at noozle
0,0348;12569;12519;2;at noozle
0,0348;11144;11094;2;at noozle
0,0348;12861;12811;2;at noozle
0,0348;16562;16512;2;at noozle
0,0348;12796;12746;2;at noozle
0,0348;12626;12576;2;at noozle
0,0348;17923;17873;2;at noozle
0,0348;16433;16383;2;at noozle
0,0348;16282;16232;2;at noozle
0,0348;14221;14171;2;at noozle
0,0348;17576;17526;2;at noozle
0,0348;15261;15211;2;at noozle
0,0348;16993;16943;2;at noozle
0,0348;16084;16034;2;at noozle
0,0348;15452;15402;2;at noozle
0,0348;16023;15973;2;at noozle
0,0348;13400;13350;2;at noozle
0,0348;16841;16791;2;at noozle
0,0348;16232;16182;2;at noozle
0,0348;15245;15195;2;at noozle
0,0348;18688;18638;2;at noozle
0,057;11160;11110;2;at noozle
0,057;11697;11647;2;at noozle
0,057;11069;11019;2;at noozle
0,057;10851;10801;2;at noozle
0,057;12801;12751;2;at noozle
0,057;11379;11329;2;at noozle
0,057;9965;9915;2;at noozle
0,057;9870;9820;2;at noozle
0,057;11539;11489;2;at noozle
0,057;10779;10729;2;at noozle
0,057;10092;10042;2;at noozle
0,057;12261;12211;2;at noozle
0,057;14331;14281;2;at noozle
0,057;13082;13032;2;at noozle
0,057;13727;13677;2;at noozle
0,057;12726;12676;2;at noozle
0,057;12128;12078;2;at noozle
0,057;14692;14642;2;at noozle
0,057;12934;12884;2;at noozle
0,057;11906;11856;2;at noozle
0,057;10972;10922;2;at noozle
0,057;10857;10807;2;at noozle
0,057;9878;9828;2;at noozle
0,057;11601;11551;2;at noozle
0,057;15222;15172;2;at noozle
0,057;16411;16361;2;at noozle
0,057;13229;13179;2;at noozle
0,057;10248;10198;2;at noozle
0,057;11533;11483;2;at noozle
0,057;13434;13384;2;at noozle
0,057;11895;11845;2;at noozle
0,057;10322;10272;2;at noozle
0,057;9676;9626;2;at noozle
0,057;9204;9154;2;at noozle
0,057;8443;8393;2;at noozle
0,057;9244;9194;2;at noozle
0,057;9572;9522;2;at noozle
0,057;10453;10403;2;at noozle
0,057;9634;9584;2;at noozle
0,057;11361;11311;2;at noozle
0,057;11202;11152;2;at noozle
0,057;11610;11560;2;at noozle
0,057;10311;10261;2;at noozle
0,057;10212;10162;2;at noozle
0,057;11016;10966;2;at noozle
0,057;9720;9670;2;at noozle
0,057;10190;10140;2;at noozle
0,057;9629;9579;2;at noozle
0,057;10897;10847;2;at noozle
0,057;9902;9852;2;at noozle
0,057;9713;9663;2;at noozle
0,057;11392;11342;2;at noozle
0,057;10333;10283;2;at noozle
0,057;9159;9109;2;at noozle
0,057;9589;9539;2;at noozle
0,057;9363;9313;2;at noozle
0,057;9116;9066;2;at noozle
0,057;7556;7506;2;at noozle
0,057;7184;7134;2;at noozle
0,057;6979;6929;2;at noozle
0,057;7636;7586;2;at noozle
0,057;5841;5791;2;at noozle
0,057;5888;5838;2;at noozle
0,057;5608;5558;2;at noozle
0,057;5226;5176;2;at noozle
0,057;5208;5158;2;at noozle
0,057;5158;5108;2;at noozle
0,057;5143;5093;2;at noozle
0,057;5832;5782;2;at noozle
0,057;7472;7422;2;at noozle
0,057;7143;7093;2;at noozle
0,057;7333;7283;2;at noozle
0,057;6396;6346;2;at noozle
0,057;5125;5075;2;at noozle
0,057;5250;5200;2;at noozle
0,057;5246;5196;2;at noozle
0,057;5053;5003;2;at noozle
0,057;5601;5551;2;at noozle
0,057;5746;5696;2;at noozle
0,057;6787;6737;2;at noozle
0,057;6769;6719;2;at noozle
0,057;5956;5906;2;at noozle
0,057;5471;5421;2;at noozle
0,057;5943;5893;2;at noozle
0,057;5614;5564;2;at noozle
0,057;5165;5115;2;at noozle
0,057;5399;5349;2;at noozle
0,057;5369;5319;2;at noozle
0,057;5634;5584;2;at noozle
0,057;5957;5907;2;at noozle
0,057;6476;6426;2;at noozle
0,057;7100;7050;2;at noozle
0,057;7708;7658;2;at noozle
0,057;8923;8873;2;at noozle
0,057;10557;10507;2;at noozle
0,057;10671;10621;2;at noozle
0,057;10701;10651;2;at noozle
0,057;11158;11108;2;at noozle
0,057;11259;11209;2;at noozle
0,057;11214;11164;2;at noozle
0,057;11447;11397;2;at noozle
0,0784;5883;5833;2;at noozle
0,0784;6503;6453;2;at noozle
0,0784;7539;7489;2;at noozle
0,0784;7758;7708;2;at noozle
0,0784;7736;7686;2;at noozle
0,0784;8303;8253;2;at noozle
0,0784;8693;8643;2;at noozle
0,0784;9799;9749;2;at noozle
0,0784;9130;9080;2;at noozle
0,0784;9696;9646;2;at noozle
0,0784;8826;8776;2;at noozle
0,0784;9048;8998;2;at noozle
0,0784;8987;8937;2;at noozle
0,0784;8908;8858;2;at noozle
0,0784;8177;8127;2;at noozle
0,0784;7420;7370;2;at noozle
0,0784;7712;7662;2;at noozle
0,0784;6588;6538;2;at noozle
0,0784;4948;4898;2;at noozle
0,0784;5197;5147;2;at noozle
0,0784;4498;4448;2;at noozle
0,0784;4494;4444;2;at noozle
0,0784;4439;4389;2;at noozle
0,0784;4367;4317;2;at noozle
0,0784;4531;4481;2;at noozle
0,0784;4466;4416;2;at noozle
0,0784;4742;4692;2;at noozle
0,0784;4602;4552;2;at noozle
0,0784;4538;4488;2;at noozle
0,0784;4580;4530;2;at noozle
0,0784;4751;4701;2;at noozle
0,0784;4788;4738;2;at noozle
0,0784;4868;4818;2;at noozle
0,0784;5667;5617;2;at noozle
0,0784;6512;6462;2;at noozle
0,0784;8346;8296;2;at noozle
0,0784;8362;8312;2;at noozle
0,0784;9713;9663;2;at noozle
0,0784;12465;12415;2;at noozle
0,0784;12048;11998;2;at noozle
0,0784;11776;11726;2;at noozle
0,0784;10893;10843;2;at noozle
0,0784;9808;9758;2;at noozle
0,0784;8865;8815;2;at noozle
0,0784;7070;7020;2;at noozle
0,0784;6676;6626;2;at noozle
0,0784;8399;8349;2;at noozle
0,0784;9252;9202;2;at noozle
0,0784;9546;9496;2;at noozle
0,0784;10126;10076;2;at noozle
0,0784;9931;9881;2;at noozle
0,0784;9888;9838;2;at noozle
0,0784;11122;11072;2;at noozle
0,0784;11717;11667;2;at noozle
0,0784;9792;9742;2;at noozle
0,0784;9938;9888;2;at noozle
0,0784;9612;9562;2;at noozle
0,0784;8456;8406;2;at noozle
0,0784;9397;9347;2;at noozle
0,0784;11462;11412;2;at noozle
0,0784;10777;10727;2;at noozle
0,0784;9513;9463;2;at noozle
0,0784;8952;8902;2;at noozle
0,0784;8182;8132;2;at noozle
0,0784;8143;8093;2;at noozle
0,0784;9022;8972;2;at noozle
0,0784;9758;9708;2;at noozle
0,0784;9882;9832;2;at noozle
0,0784;7540;7490;2;at noozle
0,0784;7110;7060;2;at noozle
0,0784;6958;6908;2;at noozle
0,0784;5824;5774;2;at noozle
0,0784;6196;6146;2;at noozle
0,0784;5962;5912;2;at noozle
0,0784;6920;6870;2;at noozle
0,0784;7400;7350;2;at noozle
0,0784;6819;6769;2;at noozle
0,0784;7238;7188;2;at noozle
0,0784;7131;7081;2;at noozle
0,0784;6500;6450;2;at noozle
0,0784;7568;7518;2;at noozle
0,0784;7809;7759;2;at noozle
0,0784;9059;9009;2;at noozle
0,0784;9527;9477;2;at noozle
0,0784;9342;9292;2;at noozle
0,0784;9272;9222;2;at noozle
0,0784;10297;10247;2;at noozle
0,0784;9066;9016;2;at noozle
0,0784;7058;7008;2;at noozle
0,0784;7339;7289;2;at noozle
0,0784;8049;7999;2;at noozle
0,0784;8029;7979;2;at noozle
0,0784;8813;8763;2;at noozle
0,0784;9321;9271;2;at noozle
0,0784;8332;8282;2;at noozle
0,0784;7542;7492;2;at noozle
0,0784;7377;7327;2;at noozle
0,0784;6823;6773;2;at noozle
0,0784;7149;7099;2;at noozle
0,0784;7950;7900;2;at noozle
0,0784;7436;7386;2;at noozle
0,0784;8891;8841;2;at noozle
0,0784;7722;7672;2;at noozle
0,0784;7064;7014;2;at noozle
0,0784;6442;6392;2;at noozle
0;196;196;4;at noozle
0,0144;5334;5135;4;at noozle
0,0144;6709;6510;4;at noozle
0,0144;6909;6710;4;at noozle
0,0144;7026;6827;4;at noozle
0,0144;7380;7181;4;at noozle
0,0144;6409;6210;4;at noozle
0,0144;6905;6706;4;at noozle
0,0144;5523;5324;4;at noozle
0,0144;4318;4119;4;at noozle
0,0144;3086;2887;4;at noozle
0,0144;3232;3033;4;at noozle
0,0144;3196;2997;4;at noozle
0,0144;3439;3240;4;at noozle
0,0144;2874;2675;4;at noozle
0,0144;2679;2480;4;at noozle
0,0144;2735;2536;4;at noozle
0,0144;2755;2556;4;at noozle
0,0144;3050;2851;4;at noozle
0,0144;2942;2743;4;at noozle
0,0144;2982;2783;4;at noozle
0,0144;2670;2471;4;at noozle
0,0144;2878;2679;4;at noozle
0,0144;2926;2727;4;at noozle
0,0144;2612;2413;4;at noozle
0,0144;1986;1787;4;at noozle
0,0144;1827;1628;4;at noozle
0,0144;1727;1528;4;at noozle
0,0144;1760;1561;4;at noozle
0,0144;1512;1313;4;at noozle
0,0144;1470;1271;4;at noozle
0,0144;1535;1336;4;at noozle
0,0144;1441;1242;4;at noozle
0,0144;1453;1254;4;at noozle
0,0144;1487;1288;4;at noozle
0,0144;1632;1433;4;at noozle
0,0144;1761;1562;4;at noozle
0,0144;1636;1437;4;at noozle
0,0144;1660;1461;4;at noozle
0,0144;1729;1530;4;at noozle
0,0144;1746;1547;4;at noozle
0,0144;1688;1489;4;at noozle
0,0144;1669;1470;4;at noozle
0,0144;1811;1612;4;at noozle
0,0144;1920;1721;4;at noozle
0,0144;1914;1715;4;at noozle
0,0144;1915;1716;4;at noozle
0,0144;1833;1634;4;at noozle
0,0144;1753;1554;4;at noozle
0,0144;1606;1407;4;at noozle
0,0144;1519;1320;4;at noozle
0,0144;1424;1225;4;at noozle
0,0144;1718;1519;4;at noozle
0,0144;1967;1768;4;at noozle
0,0144;1927;1728;4;at noozle
0,0144;1824;1625;4;at noozle
0,0144;1632;1433;4;at noozle
0,0144;1601;1402;4;at noozle
0,0144;1627;1428;4;at noozle
0,0144;1696;1497;4;at noozle
0,0144;1746;1547;4;at noozle
0,0144;1905;1706;4;at noozle
0,0144;2030;1831;4;at noozle
0,0144;1971;1772;4;at noozle
0,0144;1956;1757;4;at noozle
0,0144;1877;1678;4;at noozle
0,0144;1978;1779;4;at noozle
0,0144;2002;1803;4;at noozle
0,0144;2019;1820;4;at noozle
0,0144;1942;1743;4;at noozle
0,0144;1874;1675;4;at noozle
0,0144;2035;1836;4;at noozle
0,0144;2107;1908;4;at noozle
0,0144;1942;1743;4;at noozle
0,0144;1823;1624;4;at noozle
0,0144;1667;1468;4;at noozle
0,0144;1814;1615;4;at noozle
0,0144;1943;1744;4;at noozle
0,0144;2192;1993;4;at noozle
0,0144;2375;2176;4;at noozle
0,0144;2165;1966;4;at noozle
0,0144;2095;1896;4;at noozle
0,0144;2295;2096;4;at noozle
0,0144;2565;2366;4;at noozle
0,0144;2936;2737;4;at noozle
0,0144;3646;3447;4;at noozle
0,0144;4516;4317;4;at noozle
0,0144;4563;4364;4;at noozle
0,0144;4159;3960;4;at noozle
0,0144;4052;3853;4;at noozle
0,0144;3996;3797;4;at noozle
0,0144;4286;4087;4;at noozle
0,0144;4237;4038;4;at noozle
0,0144;4816;4617;4;at noozle
0,0144;5746;5547;4;at noozle
0,0144;6086;5887;4;at noozle
0,0144;6412;6213;4;at noozle
0,0144;6956;6757;4;at noozle
0,0144;7106;6907;4;at noozle
0,0144;6869;6670;4;at noozle
0,0144;6029;5830;4;at noozle
0,0144;5655;5456;4;at noozle
0,0144;5051;4852;4;at noozle
0,0348;7045;6846;4;at noozle
0,0348;7715;7516;4;at noozle
0,0348;7371;7172;4;at noozle
0,0348;7121;6922;4;at noozle
0,0348;7542;7343;4;at noozle
0,0348;7755;7556;4;at noozle
0,0348;7811;7612;4;at noozle
0,0348;7729;7530;4;at noozle
0,0348;8321;8122;4;at noozle
0,0348;7835;7636;4;at noozle
0,0348;7553;7354;4;at noozle
0,0348;8095;7896;4;at noozle
0,0348;8427;8228;4;at noozle
0,0348;8001;7802;4;at noozle
0,0348;7690;7491;4;at noozle
0,0348;6038;5839;4;at noozle
0,0348;5182;4983;4;at noozle
0,0348;4641;4442;4;at noozle
0,0348;4785;4586;4;at noozle
0,0348;7118;6919;4;at noozle
0,0348;9103;8904;4;at noozle
0,0348;8850;8651;4;at noozle
0,0348;7895;7696;4;at noozle
0,0348;8508;8309;4;at noozle
0,0348;8137;7938;4;at noozle
0,0348;8567;8368;4;at noozle
0,0348;8527;8328;4;at noozle
0,0348;7948;7749;4;at noozle
0,0348;6270;6071;4;at noozle
0,0348;5239;5040;4;at noozle
0,0348;5155;4956;4;at noozle
0,0348;5869;5670;4;at noozle
0,0348;4709;4510;4;at noozle
0,0348;4197;3998;4;at noozle
0,0348;3590;3391;4;at noozle
0,0348;2998;2799;4;at noozle
0,0348;2697;2498;4;at noozle
0,0348;2672;2473;4;at noozle
0,0348;2809;2610;4;at noozle
0,0348;3270;3071;4;at noozle
0,0348;3826;3627;4;at noozle
0,0348;6988;6789;4;at noozle
0,0348;6731;6532;4;at noozle
0,0348;6644;6445;4;at noozle
0,0348;5069;4870;4;at noozle
0,0348;5696;5497;4;at noozle
0,0348;5247;5048;4;at noozle
0,0348;4511;4312;4;at noozle
0,0348;2689;2490;4;at noozle
0,0348;2229;2030;4;at noozle
0,0348;2270;2071;4;at noozle
0,0348;2488;2289;4;at noozle
0,0348;2483;2284;4;at noozle
0,0348;2398;2199;4;at noozle
0,0348;2712;2513;4;at noozle
0,0348;2599;2400;4;at noozle
0,0348;2653;2454;4;at noozle
0,0348;2579;2380;4;at noozle
0,0348;2508;2309;4;at noozle
0,0348;2586;2387;4;at noozle
0,0348;2568;2369;4;at noozle
0,0348;2597;2398;4;at noozle
0,0348;2800;2601;4;at noozle
0,0348;2678;2479;4;at noozle
0,0348;2921;2722;4;at noozle
0,0348;3233;3034;4;at noozle
0,0348;3111;2912;4;at noozle
0,0348;3107;2908;4;at noozle
0,0348;3346;3147;4;at noozle
0,0348;3203;3004;4;at noozle
0,0348;3798;3599;4;at noozle
0,0348;4367;4168;4;at noozle
0,0348;4302;4103;4;at noozle
0,0348;4844;4645;4;at noozle
0,0348;7596;7397;4;at noozle
0,0348;7833;7634;4;at noozle
0,0348;8242;8043;4;at noozle
0,0348;8638;8439;4;at noozle
0,0348;8307;8108;4;at noozle
0,0348;7542;7343;4;at noozle
0,0348;5505;5306;4;at noozle
0,0348;5964;5765;4;at noozle
0,0348;6378;6179;4;at noozle
0,0348;6987;6788;4;at noozle
0,0348;6986;6787;4;at noozle
0,0348;6120;5921;4;at noozle
0,0348;4577;4378;4;at noozle
0,0348;3318;3119;4;at noozle
0,0348;3062;2863;4;at noozle
0,0348;3436;3237;4;at noozle
0,0348;3435;3236;4;at noozle
0,0348;3600;3401;4;at noozle
0,0348;3687;3488;4;at noozle
0,0348;3576;3377;4;at noozle
0,0348;4007;3808;4;at noozle
0,0348;4932;4733;4;at noozle
0,0348;4159;3960;4;at noozle
0,0348;3453;3254;4;at noozle
0,0348;3250;3051;4;at noozle
0,0348;3334;3135;4;at noozle
0,057;5015;4816;4;at noozle
0,057;4850;4651;4;at noozle
0,057;4406;4207;4;at noozle
0,057;4981;4782;4;at noozle
0,057;4283;4084;4;at noozle
0,057;4306;4107;4;at noozle
0,057;4224;4025;4;at noozle
0,057;3785;3586;4;at noozle
0,057;3792;3593;4;at noozle
0,057;3359;3160;4;at noozle
0,057;2742;2543;4;at noozle
0,057;3216;3017;4;at noozle
0,057;2964;2765;4;at noozle
0,057;3133;2934;4;at noozle
0,057;3476;3277;4;at noozle
0,057;4165;3966;4;at noozle
0,057;4089;3890;4;at noozle
0,057;4380;4181;4;at noozle
0,057;4951;4752;4;at noozle
0,057;4769;4570;4;at noozle
0,057;3991;3792;4;at noozle
0,057;4158;3959;4;at noozle
0,057;3989;3790;4;at noozle
0,057;3715;3516;4;at noozle
0,057;3616;3417;4;at noozle
0,057;5187;4988;4;at noozle
0,057;3805;3606;4;at noozle
0,057;3938;3739;4;at noozle
0,057;4365;4166;4;at noozle
0,057;4271;4072;4;at noozle
0,057;3034;2835;4;at noozle
0,057;2691;2492;4;at noozle
0,057;2643;2444;4;at noozle
0,057;2866;2667;4;at noozle
0,057;3339;3140;4;at noozle
0,057;2935;2736;4;at noozle
0,057;2885;2686;4;at noozle
0,057;3278;3079;4;at noozle
0,057;2976;2777;4;at noozle
0,057;2929;2730;4;at noozle
0,057;3718;3519;4;at noozle
0,057;4375;4176;4;at noozle
0,057;5733;5534;4;at noozle
0,057;5038;4839;4;at noozle
0,057;5351;5152;4;at noozle
0,057;5705;5506;4;at noozle
0,057;4844;4645;4;at noozle
0,057;5137;4938;4;at noozle
0,057;5123;4924;4;at noozle
0,057;4352;4153;4;at noozle
0,057;4169;3970;4;at noozle
0,057;4245;4046;4;at noozle
0,057;5231;5032;4;at noozle
0,057;5294;5095;4;at noozle
0,057;5806;5607;4;at noozle
0,057;5933;5734;4;at noozle
0,057;5617;5418;4;at noozle
0,057;5681;5482;4;at noozle
0,057;5670;5471;4;at noozle
0,057;6050;5851;4;at noozle
0,057;6478;6279;4;at noozle
0,057;5975;5776;4;at noozle
0,057;5650;5451;4;at noozle
0,057;6117;5918;4;at noozle
0,057;5631;5432;4;at noozle
0,057;5056;4857;4;at noozle
0,057;5488;5289;4;at noozle
0,057;5356;5157;4;at noozle
0,057;4789;4590;4;at noozle
0,057;4545;4346;4;at noozle
0,057;4900;4701;4;at noozle
0,057;5107;4908;4;at noozle
0,057;4928;4729;4;at noozle
0,057;5229;5030;4;at noozle
0,057;5050;4851;4;at noozle
0,057;4994;4795;4;at noozle
0,057;5024;4825;4;at noozle
0,057;4959;4760;4;at noozle
0,057;5246;5047;4;at noozle
0,057;5207;5008;4;at noozle
0,057;5553;5354;4;at noozle
0,057;5219;5020;4;at noozle
0,057;5373;5174;4;at noozle
0,057;4846;4647;4;at noozle
0,057;4186;3987;4;at noozle
0,057;3367;3168;4;at noozle
0,057;3036;2837;4;at noozle
0,057;2910;2711;4;at noozle
0,057;2957;2758;4;at noozle
0,057;2995;2796;4;at noozle
0,057;2922;2723;4;at noozle
0,057;2957;2758;4;at noozle
0,057;2887;2688;4;at noozle
0,057;2987;2788;4;at noozle
0,057;3000;2801;4;at noozle
0,057;2936;2737;4;at noozle
0,057;3089;2890;4;at noozle
0,057;3266;3067;4;at noozle
0,057;2943;2744;4;at noozle
0,057;2775;2576;4;at noozle
0,057;2877;2678;4;at noozle
0,057;2869;2670;4;at noozle
0,0784;6536;6337;4;at noozle
0,0784;6950;6751;4;at noozle
0,0784;7484;7285;4;at noozle
0,0784;6796;6597;4;at noozle
0,0784;7126;6927;4;at noozle
0,0784;7451;7252;4;at noozle
0,0784;7275;7076;4;at noozle
0,0784;6545;6346;4;at noozle
0,0784;6124;5925;4;at noozle
0,0784;6389;6190;4;at noozle
0,0784;6046;5847;4;at noozle
0,0784;6042;5843;4;at noozle
0,0784;6156;5957;4;at noozle
0,0784;6456;6257;4;at noozle
0,0784;6401;6202;4;at noozle
0,0784;6618;6419;4;at noozle
0,0784;6218;6019;4;at noozle
0,0784;6127;5928;4;at noozle
0,0784;5191;4992;4;at noozle
0,0784;5504;5305;4;at noozle
0,0784;5448;5249;4;at noozle
0,0784;6121;5922;4;at noozle
0,0784;5461;5262;4;at noozle
0,0784;5287;5088;4;at noozle
0,0784;5471;5272;4;at noozle
0,0784;4502;4303;4;at noozle
0,0784;5460;5261;4;at noozle
0,0784;5264;5065;4;at noozle
0,0784;4286;4087;4;at noozle
0,0784;3759;3560;4;at noozle
0,0784;4509;4310;4;at noozle
0,0784;4048;3849;4;at noozle
0,0784;4410;4211;4;at noozle
0,0784;4652;4453;4;at noozle
0,0784;4305;4106;4;at noozle
0,0784;4264;4065;4;at noozle
0,0784;4620;4421;4;at noozle
0,0784;4807;4608;4;at noozle
0,0784;4678;4479;4;at noozle
0,0784;5667;5468;4;at noozle
0,0784;5083;4884;4;at noozle
0,0784;4616;4417;4;at noozle
0,0784;4496;4297;4;at noozle
0,0784;4806;4607;4;at noozle
0,0784;6340;6141;4;at noozle
0,0784;4662;4463;4;at noozle
0,0784;5778;5579;4;at noozle
0,0784;6671;6472;4;at noozle
0,0784;7711;7512;4;at noozle
0,0784;8260;8061;4;at noozle
0,0784;6473;6274;4;at noozle
0,0784;6955;6756;4;at noozle
0,0784;6764;6565;4;at noozle
0,0784;6531;6332;4;at noozle
0,0784;6471;6272;4;at noozle
0,0784;6285;6086;4;at noozle
0,0784;6336;6137;4;at noozle
0,0784;6861;6662;4;at noozle
0,0784;5959;5760;4;at noozle
0,0784;6080;5881;4;at noozle
0,0784;4977;4778;4;at noozle
0,0784;3226;3027;4;at noozle
0,0784;3311;3112;4;at noozle
0,0784;2579;2380;4;at noozle
0,0784;2552;2353;4;at noozle
0,0784;2513;2314;4;at noozle
0,0784;2477;2278;4;at noozle
0,0784;2497;2298;4;at noozle
0,0784;2562;2363;4;at noozle
0,0784;2565;2366;4;at noozle
0,0784;2677;2478;4;at noozle
0,0784;2861;2662;4;at noozle
0,0784;2862;2663;4;at noozle
0,0784;3040;2841;4;at noozle
0,0784;2897;2698;4;at noozle
0,0784;2760;2561;4;at noozle
0,0784;2782;2583;4;at noozle
0,0784;2772;2573;4;at noozle
0,0784;2853;2654;4;at noozle
0,0784;3084;2885;4;at noozle
0,0784;2933;2734;4;at noozle
0,0784;2836;2637;4;at noozle
0,0784;2690;2491;4;at noozle
0,0784;2650;2451;4;at noozle
0,0784;2763;2564;4;at noozle
0,0784;2833;2634;4;at noozle
0,0784;2776;2577;4;at noozle
0,0784;2780;2581;4;at noozle
0,0784;2623;2424;4;at noozle
0,0784;2588;2389;4;at noozle
0,0784;2603;2404;4;at noozle
0,0784;2498;2299;4;at noozle
0,0784;2504;2305;4;at noozle
0,0784;2608;2409;4;at noozle
0,0784;2525;2326;4;at noozle
0,0784;2467;2268;4;at noozle
0,0784;2411;2212;4;at noozle
0,0784;2379;2180;4;at noozle
0,0784;2462;2263;4;at noozle
0,0784;2455;2256;4;at noozle
0,0784;2547;2348;4;at noozle
0,104;5840;5641;4;at noozle
0,104;5488;5289;4;at noozle
0,104;5317;5118;4;at noozle
0,104;4327;4128;4;at noozle
0,104;6360;6161;4;at noozle
0,104;7240;7041;4;at noozle
0,104;6281;6082;4;at noozle
0,104;5718;5519;4;at noozle
0,104;5835;5636;4;at noozle
0,104;6395;6196;4;at noozle
0,104;6350;6151;4;at noozle
0,104;6197;5998;4;at noozle
0,104;5295;5096;4;at noozle
0,104;6196;5997;4;at noozle
0,104;5376;5177;4;at noozle
0,104;5146;4947;4;at noozle
0,104;4633;4434;4;at noozle
0,104;3706;3507;4;at noozle
0,104;3538;3339;4;at noozle
0,104;3038;2839;4;at noozle
0,104;2988;2789;4;at noozle
0,104;2890;2691;4;at noozle
0,104;2818;2619;4;at noozle
0,104;3019;2820;4;at noozle
0,104;5207;5008;4;at noozle
0,104;5404;5205;4;at noozle
0,104;4493;4294;4;at noozle
0,104;3231;3032;4;at noozle
0,104;3024;2825;4;at noozle
0,104;2915;2716;4;at noozle
0,104;2720;2521;4;at noozle
0,104;2698;2499;4;at noozle
0,104;2856;2657;4;at noozle
0,104;2830;2631;4;at noozle
0,104;2854;2655;4;at noozle
0,104;2774;2575;4;at noozle
0,104;2687;2488;4;at noozle
0,104;2790;2591;4;at noozle
0,104;2794;2595;4;at noozle
0,104;2740;2541;4;at noozle
0,104;2716;2517;4;at noozle
0,104;2718;2519;4;at noozle
0,104;2652;2453;4;at noozle
0,104;2707;2508;4;at noozle
0,104;2699;2500;4;at noozle
0,104;2654;2455;4;at noozle
0,104;2641;2442;4;at noozle
0,104;2607;2408;4;at noozle
0,104;2669;2470;4;at noozle
0,104;2697;2498;4;at noozle
0,104;2572;2373;4;at noozle
0,104;2608;2409;4;at noozle
0,104;2624;2425;4;at noozle
0,104;2935;2736;4;at noozle
0,104;2866;2667;4;at noozle
0,104;3197;2998;4;at noozle
0,104;4422;4223;4;at noozle
0,104;5152;4953;4;at noozle
0,104;4329;4130;4;at noozle
0,104;4749;4550;4;at noozle
0,104;4300;4101;4;at noozle
0,104;5281;5082;4;at noozle
0,104;5357;5158;4;at noozle
0,104;5030;4831;4;at noozle
0,104;4739;4540;4;at noozle
0,104;4492;4293;4;at noozle
0,104;4306;4107;4;at noozle
0,104;4500;4301;4;at noozle
0,104;4570;4371;4;at noozle
0,104;4126;3927;4;at noozle
0,104;4323;4124;4;at noozle
0,104;4437;4238;4;at noozle
0,104;4631;4432;4;at noozle
0,104;4095;3896;4;at noozle
0,104;3312;3113;4;at noozle
0,104;2940;2741;4;at noozle
0,104;4108;3909;4;at noozle
0,104;3634;3435;4;at noozle
0,104;3650;3451;4;at noozle
0,104;3314;3115;4;at noozle
0,104;3688;3489;4;at noozle
0,104;3412;3213;4;at noozle
0,104;2818;2619;4;at noozle
0,104;2497;2298;4;at noozle
0,104;2347;2148;4;at noozle
0,104;2245;2046;4;at noozle
0,104;2364;2165;4;at noozle
0,104;2538;2339;4;at noozle
0,104;2616;2417;4;at noozle
0,104;2445;2246;4;at noozle
0,104;2367;2168;4;at noozle
0,104;2356;2157;4;at noozle
0,104;2428;2229;4;at noozle
0,104;2305;2106;4;at noozle
0,104;2265;2066;4;at noozle
0,104;2570;2371;4;at noozle
0,104;2601;2402;4;at noozle
0,104;2416;2217;4;at noozle
0,104;2341;2142;4;at noozle
0,104;2389;2190;4;at noozle
0,104;2399;2200;4;at noozle
0,104;2432;2233;4;at noozle
0;50;50;2;lower noozle
0,0144;207;157;2;lower noozle
0,0144;204;154;2;lower noozle
0,0144;189;139;2;lower noozle
0,0144;180;130;2;lower noozle
0,0144;180;130;2;lower noozle
0,0144;182;132;2;lower noozle
0,0144;184;134;2;lower noozle
0,0144;189;139;2;lower noozle
0,0144;191;141;2;lower noozle
0,0144;189;139;2;lower noozle
0,0144;187;137;2;lower noozle
0,0144;190;140;2;lower noozle
0,0144;201;151;2;lower noozle
0,0144;227;177;2;lower noozle
0,0144;260;210;2;lower noozle
0,0144;296;246;2;lower noozle
0,0144;380;330;2;lower noozle
0,0144;598;548;2;lower noozle
0,0144;700;650;2;lower noozle
0,0144;601;551;2;lower noozle
0,0144;610;560;2;lower noozle
0,0144;558;508;2;lower noozle
0,0144;552;502;2;lower noozle
0,0144;641;591;2;lower noozle
0,0144;611;561;2;lower noozle
0,0144;587;537;2;lower noozle
0,0144;614;564;2;lower noozle
0,0144;574;524;2;lower noozle
0,0144;549;499;2;lower noozle
0,0144;477;427;2;lower noozle
0,0144;473;423;2;lower noozle
0,0144;483;433;2;lower noozle
0,0144;494;444;2;lower noozle
0,0144;469;419;2;lower noozle
0,0144;505;455;2;lower noozle
0,0144;566;516;2;lower noozle
0,0144;644;594;2;lower noozle
0,0144;743;693;2;lower noozle
0,0144;779;729;2;lower noozle
0,0144;790;740;2;lower noozle
0,0144;815;765;2;lower noozle
0,0144;764;714;2;lower noozle
0,0144;788;738;2;lower noozle
0,0144;774;724;2;lower noozle
0,0144;734;684;2;lower noozle
0,0144;725;675;2;lower noozle
0,0144;763;713;2;lower noozle
0,0144;723;673;2;lower noozle
0,0144;666;616;2;lower noozle
0,0144;645;595;2;lower noozle
0,0144;639;589;2;lower noozle
0,0144;625;575;2;lower noozle
0,0144;606;556;2;lower noozle
0,0144;627;577;2;lower noozle
0,0144;659;609;2;lower noozle
0,0144;644;594;2;lower noozle
0,0144;584;534;2;lower noozle
0,0144;515;465;2;lower noozle
0,0144;426;376;2;lower noozle
0,0144;343;293;2;lower noozle
0,0144;299;249;2;lower noozle
0,0144;282;232;2;lower noozle
0,0144;272;222;2;lower noozle
0,0144;263;213;2;lower noozle
0,0144;264;214;2;lower noozle
0,0144;274;224;2;lower noozle
0,0144;289;239;2;lower noozle
0,0144;309;259;2;lower noozle
0,0144;319;269;2;lower noozle
0,0144;332;282;2;lower noozle
0,0144;321;271;2;lower noozle
0,0144;317;267;2;lower noozle
0,0144;320;270;2;lower noozle
0,0144;324;274;2;lower noozle
0,0144;284;234;2;lower noozle
0,0144;340;290;2;lower noozle
0,0144;341;291;2;lower noozle
0,0144;291;241;2;lower noozle
0,0144;289;239;2;lower noozle
0,0144;238;188;2;lower noozle
0,0144;218;168;2;lower noozle
0,0144;226;176;2;lower noozle
0,0144;208;158;2;lower noozle
0,0144;247;197;2;lower noozle
0,0144;246;196;2;lower noozle
0,0144;226;176;2;lower noozle
0,0144;235;185;2;lower noozle
0,0144;274;224;2;lower noozle
0,0144;306;256;2;lower noozle
0,0144;258;208;2;lower noozle
0,0144;238;188;2;lower noozle
0,0144;224;174;2;lower noozle
0,0144;239;189;2;lower noozle
0,0144;260;210;2;lower noozle
0,0144;263;213;2;lower noozle
0,0144;265;215;2;lower noozle
0,0144;247;197;2;lower noozle
0,0144;237;187;2;lower noozle
0,0144;234;184;2;lower noozle
0,0348;2535;2485;2;lower noozle
0,0348;2752;2702;2;lower noozle
0,0348;4264;4214;2;lower noozle
0,0348;4474;4424;2;lower noozle
0,0348;2992;2942;2;lower noozle
0,0348;4084;4034;2;lower noozle
0,0348;5876;5826;2;lower noozle
0,0348;5308;5258;2;lower noozle
0,0348;5743;5693;2;lower noozle
0,0348;5543;5493;2;lower noozle
0,0348;6095;6045;2;lower noozle
0,0348;6079;6029;2;lower noozle
0,0348;4629;4579;2;lower noozle
0,0348;2390;2340;2;lower noozle
0,0348;851;801;2;lower noozle
0,0348;743;693;2;lower noozle
0,0348;512;462;2;lower noozle
0,0348;374;324;2;lower noozle
0,0348;359;309;2;lower noozle
0,0348;424;374;2;lower noozle
0,0348;850;800;2;lower noozle
0,0348;1336;1286;2;lower noozle
0,0348;1450;1400;2;lower noozle
0,0348;2853;2803;2;lower noozle
0,0348;2335;2285;2;lower noozle
0,0348;1030;980;2;lower noozle
0,0348;675;625;2;lower noozle
0,0348;628;578;2;lower noozle
0,0348;614;564;2;lower noozle
0,0348;590;540;2;lower noozle
0,0348;570;520;2;lower noozle
0,0348;526;476;2;lower noozle
0,0348;533;483;2;lower noozle
0,0348;552;502;2;lower noozle
0,0348;554;504;2;lower noozle
0,0348;545;495;2;lower noozle
0,0348;552;502;2;lower noozle
0,0348;522;472;2;lower noozle
0,0348;508;458;2;lower noozle
0,0348;499;449;2;lower noozle
0,0348;492;442;2;lower noozle
0,0348;506;456;2;lower noozle
0,0348;516;466;2;lower noozle
0,0348;567;517;2;lower noozle
0,0348;702;652;2;lower noozle
0,0348;872;822;2;lower noozle
0,0348;905;855;2;lower noozle
0,0348;808;758;2;lower noozle
0,0348;764;714;2;lower noozle
0,0348;682;632;2;lower noozle
0,0348;591;541;2;lower noozle
0,0348;493;443;2;lower noozle
0,0348;442;392;2;lower noozle
0,0348;418;368;2;lower noozle
0,0348;394;344;2;lower noozle
0,0348;400;350;2;lower noozle
0,0348;382;332;2;lower noozle
0,0348;450;400;2;lower noozle
0,0348;639;589;2;lower noozle
0,0348;731;681;2;lower noozle
0,0348;631;581;2;lower noozle
0,0348;474;424;2;lower noozle
0,0348;460;410;2;lower noozle
0,0348;478;428;2;lower noozle
0,0348;464;414;2;lower noozle
0,0348;476;426;2;lower noozle
0,0348;493;443;2;lower noozle
0,0348;495;445;2;lower noozle
0,0348;485;435;2;lower noozle
0,0348;459;409;2;lower noozle
0,0348;434;384;2;lower noozle
0,0348;420;370;2;lower noozle
0,0348;414;364;2;lower noozle
0,0348;407;357;2;lower noozle
0,0348;399;349;2;lower noozle
0,0348;393;343;2;lower noozle
0,0348;473;423;2;lower noozle
0,0348;969;919;2;lower noozle
0,0348;1900;1850;2;lower noozle
0,0348;2917;2867;2;lower noozle
0,0348;4344;4294;2;lower noozle
0,0348;2365;2315;2;lower noozle
0,0348;1707;1657;2;lower noozle
0,0348;4120;4070;2;lower noozle
0,0348;3998;3948;2;lower noozle
0,0348;3501;3451;2;lower noozle
0,0348;5221;5171;2;lower noozle
0,0348;3625;3575;2;lower noozle
0,0348;511;461;2;lower noozle
0,0348;2694;2644;2;lower noozle
0,0348;1315;1265;2;lower noozle
0,0348;1410;1360;2;lower noozle
0,0348;2183;2133;2;lower noozle
0,0348;4357;4307;2;lower noozle
0,0348;6040;5990;2;lower noozle
0,0348;4583;4533;2;lower noozle
0,0348;4541;4491;2;lower noozle
0,0348;6371;6321;2;lower noozle
0,0348;6422;6372;2;lower noozle
0,0348;6070;6020;2;lower noozle
0,057;7687;7637;2;lower noozle
0,057;5408;5358;2;lower noozle
0,057;5066;5016;2;lower noozle
0,057;4599;4549;2;lower noozle
0,057;5623;5573;2;lower noozle
0,057;6120;6070;2;lower noozle
0,057;6644;6594;2;lower noozle
0,057;7826;7776;2;lower noozle
0,057;8730;8680;2;lower noozle
0,057;9309;9259;2;lower noozle
0,057;10068;10018;2;lower noozle
0,057;10274;10224;2;lower noozle
0,057;9004;8954;2;lower noozle
0,057;10651;10601;2;lower noozle
0,057;10216;10166;2;lower noozle
0,057;9295;9245;2;lower noozle
0,057;10071;10021;2;lower noozle
0,057;10738;10688;2;lower noozle
0,057;11253;11203;2;lower noozle
0,057;9397;9347;2;lower noozle
0,057;8854;8804;2;lower noozle
0,057;9493;9443;2;lower noozle
0,057;8422;8372;2;lower noozle
0,057;8699;8649;2;lower noozle
0,057;7913;7863;2;lower noozle
0,057;8387;8337;2;lower noozle
0,057;8944;8894;2;lower noozle
0,057;10325;10275;2;lower noozle
0,057;10580;10530;2;lower noozle
0,057;8311;8261;2;lower noozle
0,057;7958;7908;2;lower noozle
0,057;8832;8782;2;lower noozle
0,057;8868;8818;2;lower noozle
0,057;8169;8119;2;lower noozle
0,057;7192;7142;2;lower noozle
0,057;5284;5234;2;lower noozle
0,057;6730;6680;2;lower noozle
0,057;8488;8438;2;lower noozle
0,057;9011;8961;2;lower noozle
0,057;8034;7984;2;lower noozle
0,057;8677;8627;2;lower noozle
0,057;9565;9515;2;lower noozle
0,057;8791;8741;2;lower noozle
0,057;7651;7601;2;lower noozle
0,057;7829;7779;2;lower noozle
0,057;8372;8322;2;lower noozle
0,057;8398;8348;2;lower noozle
0,057;6849;6799;2;lower noozle
0,057;6191;6141;2;lower noozle
0,057;5587;5537;2;lower noozle
0,057;5648;5598;2;lower noozle
0,057;5455;5405;2;lower noozle
0,057;5930;5880;2;lower noozle
0,057;5183;5133;2;lower noozle
0,057;4637;4587;2;lower noozle
0,057;3623;3573;2;lower noozle
0,057;2771;2721;2;lower noozle
0,057;2261;2211;2;lower noozle
0,057;1260;1210;2;lower noozle
0,057;732;682;2;lower noozle
0,057;560;510;2;lower noozle
0,057;523;473;2;lower noozle
0,057;512;462;2;lower noozle
0,057;510;460;2;lower noozle
0,057;502;452;2;lower noozle
0,057;509;459;2;lower noozle
0,057;504;454;2;lower noozle
0,057;471;421;2;lower noozle
0,057;460;410;2;lower noozle
0,057;578;528;2;lower noozle
0,057;597;547;2;lower noozle
0,057;540;490;2;lower noozle
0,057;468;418;2;lower noozle
0,057;462;412;2;lower noozle
0,057;448;398;2;lower noozle
0,057;412;362;2;lower noozle
0,057;397;347;2;lower noozle
0,057;372;322;2;lower noozle
0,057;367;317;2;lower noozle
0,057;348;298;2;lower noozle
0,057;360;310;2;lower noozle
0,057;396;346;2;lower noozle
0,057;400;350;2;lower noozle
0,057;393;343;2;lower noozle
0,057;367;317;2;lower noozle
0,057;383;333;2;lower noozle
0,057;396;346;2;lower noozle
0,057;398;348;2;lower noozle
0,057;392;342;2;lower noozle
0,057;397;347;2;lower noozle
0,057;399;349;2;lower noozle
0,057;436;386;2;lower noozle
0,057;515;465;2;lower noozle
0,057;564;514;2;lower noozle
0,057;521;471;2;lower noozle
0,057;727;677;2;lower noozle
0,057;473;423;2;lower noozle
0,057;497;447;2;lower noozle
0,057;494;444;2;lower noozle
0,057;571;521;2;lower noozle
0,0784;5530;5480;2;lower noozle
0,0784;6179;6129;2;lower noozle
0,0784;7132;7082;2;lower noozle
0,0784;6082;6032;2;lower noozle
0,0784;7943;7893;2;lower noozle
0,0784;8598;8548;2;lower noozle
0,0784;8840;8790;2;lower noozle
0,0784;7599;7549;2;lower noozle
0,0784;2142;2092;2;lower noozle
0,0784;2132;2082;2;lower noozle
0,0784;2613;2563;2;lower noozle
0,0784;1357;1307;2;lower noozle
0,0784;853;803;2;lower noozle
0,0784;1580;1530;2;lower noozle
0,0784;919;869;2;lower noozle
0,0784;2010;1960;2;lower noozle
0,0784;2647;2597;2;lower noozle
0,0784;1185;1135;2;lower noozle
0,0784;596;546;2;lower noozle
0,0784;583;533;2;lower noozle
0,0784;1261;1211;2;lower noozle
0,0784;2395;2345;2;lower noozle
0,0784;4345;4295;2;lower noozle
0,0784;2922;2872;2;lower noozle
0,0784;2288;2238;2;lower noozle
0,0784;2952;2902;2;lower noozle
0,0784;4059;4009;2;lower noozle
0,0784;2264;2214;2;lower noozle
0,0784;4088;4038;2;lower noozle
0,0784;4125;4075;2;lower noozle
0,0784;5796;5746;2;lower noozle
0,0784;6904;6854;2;lower noozle
0,0784;5736;5686;2;lower noozle
0,0784;5659;5609;2;lower noozle
0,0784;4805;4755;2;lower noozle
0,0784;5275;5225;2;lower noozle
0,0784;4645;4595;2;lower noozle
0,0784;4039;3989;2;lower noozle
0,0784;5537;5487;2;lower noozle
0,0784;6386;6336;2;lower noozle
0,0784;4779;4729;2;lower noozle
0,0784;4727;4677;2;lower noozle
0,0784;5336;5286;2;lower noozle
0,0784;4976;4926;2;lower noozle
0,0784;5534;5484;2;lower noozle
0,0784;8120;8070;2;lower noozle
0,0784;7430;7380;2;lower noozle
0,0784;7274;7224;2;lower noozle
0,0784;8467;8417;2;lower noozle
0,0784;7252;7202;2;lower noozle
0,0784;5492;5442;2;lower noozle
0,0784;5659;5609;2;lower noozle
0,0784;6585;6535;2;lower noozle
0,0784;7046;6996;2;lower noozle
0,0784;5962;5912;2;lower noozle
0,0784;4720;4670;2;lower noozle
0,0784;4688;4638;2;lower noozle
0,0784;4437;4387;2;lower noozle
0,0784;4662;4612;2;lower noozle
0,0784;4721;4671;2;lower noozle
0,0784;4426;4376;2;lower noozle
0,0784;5163;5113;2;lower noozle
0,0784;4789;4739;2;lower noozle
0,0784;3106;3056;2;lower noozle
0,0784;1817;1767;2;lower noozle
0,0784;866;816;2;lower noozle
0,0784;712;662;2;lower noozle
0,0784;701;651;2;lower noozle
0,0784;660;610;2;lower noozle
0,0784;647;597;2;lower noozle
0,0784;610;560;2;lower noozle
0,0784;630;580;2;lower noozle
0,0784;667;617;2;lower noozle
0,0784;705;655;2;lower noozle
0,0784;707;657;2;lower noozle
0,0784;702;652;2;lower noozle
0,0784;784;734;2;lower noozle
0,0784;858;808;2;lower noozle
0,0784;743;693;2;lower noozle
0,0784;730;680;2;lower noozle
0,0784;707;657;2;lower noozle
0,0784;678;628;2;lower noozle
0,0784;806;756;2;lower noozle
0,0784;834;784;2;lower noozle
0,0784;671;621;2;lower noozle
0,0784;779;729;2;lower noozle
0,0784;719;669;2;lower noozle
0,0784;646;596;2;lower noozle
0,0784;746;696;2;lower noozle
0,0784;805;755;2;lower noozle
0,0784;598;548;2;lower noozle
0,0784;559;509;2;lower noozle
0,0784;505;455;2;lower noozle
0,0784;482;432;2;lower noozle
0,0784;471;421;2;lower noozle
0,0784;809;759;2;lower noozle
0,0784;865;815;2;lower noozle
0,0784;935;885;2;lower noozle
0,0784;1021;971;2;lower noozle
0,0784;1001;951;2;lower noozle
0,0784;955;905;2;lower noozle
0,104;9934;9884;2;lower noozle
0,104;9875;9825;2;lower noozle
0,104;8858;8808;2;lower noozle
0,104;9351;9301;2;lower noozle
0,104;8730;8680;2;lower noozle
0,104;8909;8859;2;lower noozle
0,104;6414;6364;2;lower noozle
0,104;7823;7773;2;lower noozle
0,104;8304;8254;2;lower noozle
0,104;8795;8745;2;lower noozle
0,104;7147;7097;2;lower noozle
0,104;4363;4313;2;lower noozle
0,104;1721;1671;2;lower noozle
0,104;3616;3566;2;lower noozle
0,104;1895;1845;2;lower noozle
0,104;2045;1995;2;lower noozle
0,104;2018;1968;2;lower noozle
0,104;1400;1350;2;lower noozle
0,104;2834;2784;2;lower noozle
0,104;4740;4690;2;lower noozle
0,104;4303;4253;2;lower noozle
0,104;5975;5925;2;lower noozle
0,104;7854;7804;2;lower noozle
0,104;7987;7937;2;lower noozle
0,104;8404;8354;2;lower noozle
0,104;7235;7185;2;lower noozle
0,104;8194;8144;2;lower noozle
0,104;7260;7210;2;lower noozle
0,104;7361;7311;2;lower noozle
0,104;5122;5072;2;lower noozle
0,104;4263;4213;2;lower noozle
0,104;4056;4006;2;lower noozle
0,104;4772;4722;2;lower noozle
0,104;6038;5988;2;lower noozle
0,104;6559;6509;2;lower noozle
0,104;7653;7603;2;lower noozle
0,104;7158;7108;2;lower noozle
0,104;5476;5426;2;lower noozle
0,104;5911;5861;2;lower noozle
0,104;4247;4197;2;lower noozle
0,104;6953;6903;2;lower noozle
0,104;7881;7831;2;lower noozle
0,104;9365;9315;2;lower noozle
0,104;8387;8337;2;lower noozle
0,104;7910;7860;2;lower noozle
0,104;6837;6787;2;lower noozle
0,104;7521;7471;2;lower noozle
0,104;8749;8699;2;lower noozle
0,104;8567;8517;2;lower noozle
0,104;6493;6443;2;lower noozle
0,104;6290;6240;2;lower noozle
0,104;5749;5699;2;lower noozle
0,104;3868;3818;2;lower noozle
0,104;5644;5594;2;lower noozle
0,104;5186;5136;2;lower noozle
0,104;4518;4468;2;lower noozle
0,104;3763;3713;2;lower noozle
0,104;3664;3614;2;lower noozle
0,104;5836;5786;2;lower noozle
0,104;4949;4899;2;lower noozle
0,104;6203;6153;2;lower noozle
0,104;5403;5353;2;lower noozle
0,104;5125;5075;2;lower noozle
0,104;4124;4074;2;lower noozle
0,104;3610;3560;2;lower noozle
0,104;2232;2182;2;lower noozle
0,104;2179;2129;2;lower noozle
0,104;1662;1612;2;lower noozle
0,104;1487;1437;2;lower noozle
0,104;1527;1477;2;lower noozle
0,104;1531;1481;2;lower noozle
0,104;1460;1410;2;lower noozle
0,104;1229;1179;2;lower noozle
0,104;1288;1238;2;lower noozle
0,104;1353;1303;2;lower noozle
0,104;2190;2140;2;lower noozle
0,104;2043;1993;2;lower noozle
0,104;1306;1256;2;lower noozle
0,104;1272;1222;2;lower noozle
0,104;1361;1311;2;lower noozle
0,104;1501;1451;2;lower noozle
0,104;1281;1231;2;lower noozle
0,104;1211;1161;2;lower noozle
0,104;1253;1203;2;lower noozle
0,104;1863;1813;2;lower noozle
0,104;1813;1763;2;lower noozle
0,104;1562;1512;2;lower noozle
0,104;2334;2284;2;lower noozle
0,104;3168;3118;2;lower noozle
0,104;3689;3639;2;lower noozle
0,104;4123;4073;2;lower noozle
0,104;4099;4049;2;lower noozle
0,104;4405;4355;2;lower noozle
0,104;4239;4189;2;lower noozle
0,104;5024;4974;2;lower noozle
0,104;4588;4538;2;lower noozle
0,104;3971;3921;2;lower noozle
0,104;2907;2857;2;lower noozle
0,104;1870;1820;2;lower noozle
0,104;1188;1138;2;lower noozle
0,104;1536;1486;2;lower noozle
0,104;1260;1210;2;lower noozle
0;188;188;4;lower noozle
0,0144;661;473;4;lower noozle
0,0144;664;476;4;lower noozle
0,0144;670;482;4;lower noozle
0,0144;667;479;4;lower noozle
0,0144;693;505;4;lower noozle
0,0144;676;488;4;lower noozle
0,0144;667;479;4;lower noozle
0,0144;666;478;4;lower noozle
0,0144;668;480;4;lower noozle
0,0144;652;464;4;lower noozle
0,0144;645;457;4;lower noozle
0,0144;642;454;4;lower noozle
0,0144;650;462;4;lower noozle
0,0144;654;466;4;lower noozle
0,0144;655;467;4;lower noozle
0,0144;653;465;4;lower noozle
0,0144;651;463;4;lower noozle
0,0144;648;460;4;lower noozle
0,0144;653;465;4;lower noozle
0,0144;658;470;4;lower noozle
0,0144;657;469;4;lower noozle
0,0144;661;473;4;lower noozle
0,0144;664;476;4;lower noozle
0,0144;667;479;4;lower noozle
0,0144;671;483;4;lower noozle
0,0144;677;489;4;lower noozle
0,0144;673;485;4;lower noozle
0,0144;675;487;4;lower noozle
0,0144;680;492;4;lower noozle
0,0144;701;513;4;lower noozle
0,0144;726;538;4;lower noozle
0,0144;740;552;4;lower noozle
0,0144;750;562;4;lower noozle
0,0144;776;588;4;lower noozle
0,0144;784;596;4;lower noozle
0,0144;809;621;4;lower noozle
0,0144;819;631;4;lower noozle
0,0144;813;625;4;lower noozle
0,0144;812;624;4;lower noozle
0,0144;808;620;4;lower noozle
0,0144;756;568;4;lower noozle
0,0144;741;553;4;lower noozle
0,0144;747;559;4;lower noozle
0,0144;741;553;4;lower noozle
0,0144;738;550;4;lower noozle
0,0144;742;554;4;lower noozle
0,0144;743;555;4;lower noozle
0,0144;762;574;4;lower noozle
0,0144;763;575;4;lower noozle
0,0144;765;577;4;lower noozle
0,0144;783;595;4;lower noozle
0,0144;797;609;4;lower noozle
0,0144;786;598;4;lower noozle
0,0144;794;606;4;lower noozle
0,0144;782;594;4;lower noozle
0,0144;787;599;4;lower noozle
0,0144;790;602;4;lower noozle
0,0144;793;605;4;lower noozle
0,0144;788;600;4;lower noozle
0,0144;790;602;4;lower noozle
0,0144;813;625;4;lower noozle
0,0144;844;656;4;lower noozle
0,0144;882;694;4;lower noozle
0,0144;904;716;4;lower noozle
0,0144;893;705;4;lower noozle
0,0144;851;663;4;lower noozle
0,0144;847;659;4;lower noozle
0,0144;853;665;4;lower noozle
0,0144;849;661;4;lower noozle
0,0144;847;659;4;lower noozle
0,0144;849;661;4;lower noozle
0,0144;864;676;4;lower noozle
0,0144;857;669;4;lower noozle
0,0144;850;662;4;lower noozle
0,0144;845;657;4;lower noozle
0,0144;852;664;4;lower noozle
0,0144;843;655;4;lower noozle
0,0144;836;648;4;lower noozle
0,0144;837;649;4;lower noozle
0,0144;848;660;4;lower noozle
0,0144;858;670;4;lower noozle
0,0144;852;664;4;lower noozle
0,0144;849;661;4;lower noozle
0,0144;846;658;4;lower noozle
0,0144;847;659;4;lower noozle
0,0144;843;655;4;lower noozle
0,0144;835;647;4;lower noozle
0,0144;822;634;4;lower noozle
0,0144;794;606;4;lower noozle
0,0144;802;614;4;lower noozle
0,0144;795;607;4;lower noozle
0,0144;763;575;4;lower noozle
0,0144;747;559;4;lower noozle
0,0144;746;558;4;lower noozle
0,0144;736;548;4;lower noozle
0,0144;742;554;4;lower noozle
0,0348;1401;1213;4;lower noozle
0,0348;2345;2157;4;lower noozle
0,0348;1261;1073;4;lower noozle
0,0348;1144;956;4;lower noozle
0,0348;1785;1597;4;lower noozle
0,0348;2656;2468;4;lower noozle
0,0348;1599;1411;4;lower noozle
0,0348;1269;1081;4;lower noozle
0,0348;1917;1729;4;lower noozle
0,0348;2712;2524;4;lower noozle
0,0348;3641;3453;4;lower noozle
0,0348;2782;2594;4;lower noozle
0,0348;3438;3250;4;lower noozle
0,0348;3126;2938;4;lower noozle
0,0348;1594;1406;4;lower noozle
0,0348;3574;3386;4;lower noozle
0,0348;5956;5768;4;lower noozle
0,0348;6013;5825;4;lower noozle
0,0348;5207;5019;4;lower noozle
0,0348;1378;1190;4;lower noozle
0,0348;1395;1207;4;lower noozle
0,0348;1237;1049;4;lower noozle
0,0348;1094;906;4;lower noozle
0,0348;1149;961;4;lower noozle
0,0348;1196;1008;4;lower noozle
0,0348;1165;977;4;lower noozle
0,0348;1391;1203;4;lower noozle
0,0348;1397;1209;4;lower noozle
0,0348;1340;1152;4;lower noozle
0,0348;1333;1145;4;lower noozle
0,0348;1520;1332;4;lower noozle
0,0348;1667;1479;4;lower noozle
0,0348;1685;1497;4;lower noozle
0,0348;1985;1797;4;lower noozle
0,0348;2940;2752;4;lower noozle
0,0348;3697;3509;4;lower noozle
0,0348;2399;2211;4;lower noozle
0,0348;2651;2463;4;lower noozle
0,0348;4053;3865;4;lower noozle
0,0348;5521;5333;4;lower noozle
0,0348;4515;4327;4;lower noozle
0,0348;3293;3105;4;lower noozle
0,0348;5041;4853;4;lower noozle
0,0348;5877;5689;4;lower noozle
0,0348;4593;4405;4;lower noozle
0,0348;2820;2632;4;lower noozle
0,0348;2453;2265;4;lower noozle
0,0348;2107;1919;4;lower noozle
0,0348;1921;1733;4;lower noozle
0,0348;1789;1601;4;lower noozle
0,0348;1809;1621;4;lower noozle
0,0348;2041;1853;4;lower noozle
0,0348;1670;1482;4;lower noozle
0,0348;2363;2175;4;lower noozle
0,0348;3968;3780;4;lower noozle
0,0348;4252;4064;4;lower noozle
0,0348;1982;1794;4;lower noozle
0,0348;2148;1960;4;lower noozle
0,0348;2798;2610;4;lower noozle
0,0348;4035;3847;4;lower noozle
0,0348;4776;4588;4;lower noozle
0,0348;4870;4682;4;lower noozle
0,0348;4237;4049;4;lower noozle
0,0348;3059;2871;4;lower noozle
0,0348;3868;3680;4;lower noozle
0,0348;4045;3857;4;lower noozle
0,0348;4200;4012;4;lower noozle
0,0348;4542;4354;4;lower noozle
0,0348;3656;3468;4;lower noozle
0,0348;3097;2909;4;lower noozle
0,0348;3028;2840;4;lower noozle
0,0348;2706;2518;4;lower noozle
0,0348;2352;2164;4;lower noozle
0,0348;2127;1939;4;lower noozle
0,0348;2168;1980;4;lower noozle
0,0348;2119;1931;4;lower noozle
0,0348;2080;1892;4;lower noozle
0,0348;1968;1780;4;lower noozle
0,0348;1721;1533;4;lower noozle
0,0348;1571;1383;4;lower noozle
0,0348;1664;1476;4;lower noozle
0,0348;2259;2071;4;lower noozle
0,0348;2853;2665;4;lower noozle
0,0348;2217;2029;4;lower noozle
0,0348;1955;1767;4;lower noozle
0,0348;2368;2180;4;lower noozle
0,0348;1759;1571;4;lower noozle
0,0348;1614;1426;4;lower noozle
0,0348;1990;1802;4;lower noozle
0,0348;2622;2434;4;lower noozle
0,0348;3186;2998;4;lower noozle
0,0348;2960;2772;4;lower noozle
0,0348;2669;2481;4;lower noozle
0,0348;1932;1744;4;lower noozle
0,0348;1383;1195;4;lower noozle
0,0348;2418;2230;4;lower noozle
0,0348;4678;4490;4;lower noozle
0,0348;3456;3268;4;lower noozle
0,0348;3310;3122;4;lower noozle
0,0348;4217;4029;4;lower noozle
0,0348;1632;1444;4;lower noozle
0,0348;2550;2362;4;lower noozle
0,057;4396;4208;4;lower noozle
0,057;3968;3780;4;lower noozle
0,057;4582;4394;4;lower noozle
0,057;4758;4570;4;lower noozle
0,057;3926;3738;4;lower noozle
0,057;4382;4194;4;lower noozle
0,057;5203;5015;4;lower noozle
0,057;4968;4780;4;lower noozle
0,057;4427;4239;4;lower noozle
0,057;4357;4169;4;lower noozle
0,057;4562;4374;4;lower noozle
0,057;5382;5194;4;lower noozle
0,057;5939;5751;4;lower noozle
0,057;6709;6521;4;lower noozle
0,057;7376;7188;4;lower noozle
0,057;6742;6554;4;lower noozle
0,057;8110;7922;4;lower noozle
0,057;7237;7049;4;lower noozle
0,057;7525;7337;4;lower noozle
0,057;7320;7132;4;lower noozle
0,057;7844;7656;4;lower noozle
0,057;7691;7503;4;lower noozle
0,057;7940;7752;4;lower noozle
0,057;7605;7417;4;lower noozle
0,057;7198;7010;4;lower noozle
0,057;5812;5624;4;lower noozle
0,057;4137;3949;4;lower noozle
0,057;3884;3696;4;lower noozle
0,057;4305;4117;4;lower noozle
0,057;3342;3154;4;lower noozle
0,057;3136;2948;4;lower noozle
0,057;3197;3009;4;lower noozle
0,057;2971;2783;4;lower noozle
0,057;2923;2735;4;lower noozle
0,057;2994;2806;4;lower noozle
0,057;2725;2537;4;lower noozle
0,057;2588;2400;4;lower noozle
0,057;2639;2451;4;lower noozle
0,057;2722;2534;4;lower noozle
0,057;2728;2540;4;lower noozle
0,057;2607;2419;4;lower noozle
0,057;2783;2595;4;lower noozle
0,057;2728;2540;4;lower noozle
0,057;2831;2643;4;lower noozle
0,057;2945;2757;4;lower noozle
0,057;3262;3074;4;lower noozle
0,057;3165;2977;4;lower noozle
0,057;2933;2745;4;lower noozle
0,057;2504;2316;4;lower noozle
0,057;2253;2065;4;lower noozle
0,057;2095;1907;4;lower noozle
0,057;2035;1847;4;lower noozle
0,057;2190;2002;4;lower noozle
0,057;2542;2354;4;lower noozle
0,057;2771;2583;4;lower noozle
0,057;1992;1804;4;lower noozle
0,057;1835;1647;4;lower noozle
0,057;1937;1749;4;lower noozle
0,057;1815;1627;4;lower noozle
0,057;2148;1960;4;lower noozle
0,057;2220;2032;4;lower noozle
0,057;2201;2013;4;lower noozle
0,057;2505;2317;4;lower noozle
0,057;2678;2490;4;lower noozle
0,057;4037;3849;4;lower noozle
0,057;6591;6403;4;lower noozle
0,057;5143;4955;4;lower noozle
0,057;5031;4843;4;lower noozle
0,057;3690;3502;4;lower noozle
0,057;3159;2971;4;lower noozle
0,057;3514;3326;4;lower noozle
0,057;3496;3308;4;lower noozle
0,057;2553;2365;4;lower noozle
0,057;2769;2581;4;lower noozle
0,057;3178;2990;4;lower noozle
0,057;3947;3759;4;lower noozle
0,057;5948;5760;4;lower noozle
0,057;8073;7885;4;lower noozle
0,057;6633;6445;4;lower noozle
0,057;4581;4393;4;lower noozle
0,057;3218;3030;4;lower noozle
0,057;3320;3132;4;lower noozle
0,057;3577;3389;4;lower noozle
0,057;3683;3495;4;lower noozle
0,057;4777;4589;4;lower noozle
0,057;7895;7707;4;lower noozle
0,057;7079;6891;4;lower noozle
0,057;6476;6288;4;lower noozle
0,057;7494;7306;4;lower noozle
0,057;7734;7546;4;lower noozle
0,057;8488;8300;4;lower noozle
0,057;10557;10369;4;lower noozle
0,057;10234;10046;4;lower noozle
0,057;10408;10220;4;lower noozle
0,057;8741;8553;4;lower noozle
0,057;8918;8730;4;lower noozle
0,057;8468;8280;4;lower noozle
0,057;8308;8120;4;lower noozle
0,057;8604;8416;4;lower noozle
0,057;8243;8055;4;lower noozle
0,0784;5588;5400;4;lower noozle
0,0784;6295;6107;4;lower noozle
0,0784;6233;6045;4;lower noozle
0,0784;6468;6280;4;lower noozle
0,0784;6453;6265;4;lower noozle
0,0784;5950;5762;4;lower noozle
0,0784;6363;6175;4;lower noozle
0,0784;6645;6457;4;lower noozle
0,0784;6461;6273;4;lower noozle
0,0784;6867;6679;4;lower noozle
0,0784;6822;6634;4;lower noozle
0,0784;7258;7070;4;lower noozle
0,0784;8395;8207;4;lower noozle
0,0784;7603;7415;4;lower noozle
0,0784;8021;7833;4;lower noozle
0,0784;8273;8085;4;lower noozle
0,0784;7769;7581;4;lower noozle
0,0784;8318;8130;4;lower noozle
0,0784;7814;7626;4;lower noozle
0,0784;7643;7455;4;lower noozle
0,0784;7239;7051;4;lower noozle
0,0784;6614;6426;4;lower noozle
0,0784;6615;6427;4;lower noozle
0,0784;7022;6834;4;lower noozle
0,0784;7293;7105;4;lower noozle
0,0784;7788;7600;4;lower noozle
0,0784;8309;8121;4;lower noozle
0,0784;9577;9389;4;lower noozle
0,0784;9699;9511;4;lower noozle
0,0784;8359;8171;4;lower noozle
0,0784;9167;8979;4;lower noozle
0,0784;9616;9428;4;lower noozle
0,0784;7871;7683;4;lower noozle
0,0784;7110;6922;4;lower noozle
0,0784;6609;6421;4;lower noozle
0,0784;7377;7189;4;lower noozle
0,0784;7649;7461;4;lower noozle
0,0784;8412;8224;4;lower noozle
0,0784;8174;7986;4;lower noozle
0,0784;8058;7870;4;lower noozle
0,0784;8079;7891;4;lower noozle
0,0784;8716;8528;4;lower noozle
0,0784;9139;8951;4;lower noozle
0,0784;8603;8415;4;lower noozle
0,0784;9980;9792;4;lower noozle
0,0784;9776;9588;4;lower noozle
0,0784;8808;8620;4;lower noozle
0,0784;8120;7932;4;lower noozle
0,0784;9182;8994;4;lower noozle
0,0784;7767;7579;4;lower noozle
0,0784;7541;7353;4;lower noozle
0,0784;8053;7865;4;lower noozle
0,0784;7185;6997;4;lower noozle
0,0784;8064;7876;4;lower noozle
0,0784;7512;7324;4;lower noozle
0,0784;7599;7411;4;lower noozle
0,0784;8988;8800;4;lower noozle
0,0784;7270;7082;4;lower noozle
0,0784;6244;6056;4;lower noozle
0,0784;6240;6052;4;lower noozle
0,0784;6938;6750;4;lower noozle
0,0784;8502;8314;4;lower noozle
0,0784;8301;8113;4;lower noozle
0,0784;7717;7529;4;lower noozle
0,0784;7786;7598;4;lower noozle
0,0784;7442;7254;4;lower noozle
0,0784;6592;6404;4;lower noozle
0,0784;7216;7028;4;lower noozle
0,0784;7452;7264;4;lower noozle
0,0784;8588;8400;4;lower noozle
0,0784;8103;7915;4;lower noozle
0,0784;10191;10003;4;lower noozle
0,0784;10762;10574;4;lower noozle
0,0784;9568;9380;4;lower noozle
0,0784;7922;7734;4;lower noozle
0,0784;9346;9158;4;lower noozle
0,0784;12280;12092;4;lower noozle
0,0784;8487;8299;4;lower noozle
0,0784;9484;9296;4;lower noozle
0,0784;8133;7945;4;lower noozle
0,0784;9797;9609;4;lower noozle
0,0784;8615;8427;4;lower noozle
0,0784;8626;8438;4;lower noozle
0,0784;7957;7769;4;lower noozle
0,0784;8510;8322;4;lower noozle
0,0784;7688;7500;4;lower noozle
0,0784;7693;7505;4;lower noozle
0,0784;8036;7848;4;lower noozle
0,0784;7774;7586;4;lower noozle
0,0784;7465;7277;4;lower noozle
0,0784;7339;7151;4;lower noozle
0,0784;6604;6416;4;lower noozle
0,0784;6077;5889;4;lower noozle
0,0784;4485;4297;4;lower noozle
0,0784;4400;4212;4;lower noozle
0,0784;3991;3803;4;lower noozle
0,0784;3869;3681;4;lower noozle
0,0784;4099;3911;4;lower noozle
0,0784;4177;3989;4;lower noozle
0,0784;4398;4210;4;lower noozle
0,0784;4432;4244;4;lower noozle
0,104;9058;8870;4;lower noozle
0,104;10140;9952;4;lower noozle
0,104;11282;11094;4;lower noozle
0,104;9012;8824;4;lower noozle
0,104;6365;6177;4;lower noozle
0,104;6547;6359;4;lower noozle
0,104;7010;6822;4;lower noozle
0,104;7055;6867;4;lower noozle
0,104;6234;6046;4;lower noozle
0,104;8571;8383;4;lower noozle
0,104;9640;9452;4;lower noozle
0,104;8276;8088;4;lower noozle
0,104;7735;7547;4;lower noozle
0,104;6955;6767;4;lower noozle
0,104;9189;9001;4;lower noozle
0,104;8423;8235;4;lower noozle
0,104;7592;7404;4;lower noozle
0,104;9683;9495;4;lower noozle
0,104;9083;8895;4;lower noozle
0,104;8929;8741;4;lower noozle
0,104;8701;8513;4;lower noozle
0,104;9195;9007;4;lower noozle
0,104;8671;8483;4;lower noozle
0,104;8103;7915;4;lower noozle
0,104;9099;8911;4;lower noozle
0,104;8726;8538;4;lower noozle
0,104;8038;7850;4;lower noozle
0,104;9117;8929;4;lower noozle
0,104;8007;7819;4;lower noozle
0,104;7835;7647;4;lower noozle
0,104;8713;8525;4;lower noozle
0,104;8489;8301;4;lower noozle
0,104;8343;8155;4;lower noozle
0,104;9121;8933;4;lower noozle
0,104;8157;7969;4;lower noozle
0,104;8987;8799;4;lower noozle
0,104;8723;8535;4;lower noozle
0,104;8572;8384;4;lower noozle
0,104;8130;7942;4;lower noozle
0,104;8968;8780;4;lower noozle
0,104;9058;8870;4;lower noozle
0,104;8680;8492;4;lower noozle
0,104;8301;8113;4;lower noozle
0,104;7913;7725;4;lower noozle
0,104;7454;7266;4;lower noozle
0,104;8356;8168;4;lower noozle
0,104;8260;8072;4;lower noozle
0,104;8206;8018;4;lower noozle
0,104;8194;8006;4;lower noozle
0,104;9157;8969;4;lower noozle
0,104;8164;7976;4;lower noozle
0,104;10090;9902;4;lower noozle
0,104;10626;10438;4;lower noozle
0,104;10992;10804;4;lower noozle
0,104;11109;10921;4;lower noozle
0,104;9142;8954;4;lower noozle
0,104;8222;8034;4;lower noozle
0,104;7500;7312;4;lower noozle
0,104;9306;9118;4;lower noozle
0,104;9689;9501;4;lower noozle
0,104;9803;9615;4;lower noozle
0,104;8735;8547;4;lower noozle
0,104;8173;7985;4;lower noozle
0,104;9235;9047;4;lower noozle
0,104;10388;10200;4;lower noozle
0,104;10164;9976;4;lower noozle
0,104;8804;8616;4;lower noozle
0,104;7507;7319;4;lower noozle
0,104;7123;6935;4;lower noozle
0,104;7216;7028;4;lower noozle
0,104;6947;6759;4;lower noozle
0,104;9465;9277;4;lower noozle
0,104;6906;6718;4;lower noozle
0,104;8772;8584;4;lower noozle
0,104;6166;5978;4;lower noozle
0,104;4982;4794;4;lower noozle
0,104;4673;4485;4;lower noozle
0,104;4601;4413;4;lower noozle
0,104;4478;4290;4;lower noozle
0,104;4422;4234;4;lower noozle
0,104;4991;4803;4;lower noozle
0,104;4896;4708;4;lower noozle
0,104;4981;4793;4;lower noozle
0,104;4828;4640;4;lower noozle
0,104;3561;3373;4;lower noozle
0,104;2733;2545;4;lower noozle
0,104;2857;2669;4;lower noozle
0,104;3034;2846;4;lower noozle
0,104;4367;4179;4;lower noozle
0,104;6058;5870;4;lower noozle
0,104;7624;7436;4;lower noozle
0,104;4382;4194;4;lower noozle
0,104;6089;5901;4;lower noozle
0,104;8748;8560;4;lower noozle
0,104;6856;6668;4;lower noozle
0,104;6152;5964;4;lower noozle
0,104;6760;6572;4;lower noozle
0,104;6050;5862;4;lower noozle
0,104;5572;5384;4;lower noozle
0,104;5634;5446;4;lower noozle
0,104;5374;5186;4;lower noozle
0,104;4570;4382;4;lower noozle
